{
	"system" : {
		"platform" : "windows64",
		"os_name" : "Windows 10",
		"os_version" : "10.0"
	},
	"error" : {
		"executable" : "quartus",
		"comment" : "not_applicable",
		"error_message" : "Access Violation at 0X0000000051D2C1FF",
		"source_file" : "unknown",
		"line" : "0",
		"stack_trace" : "\t 0x51d2c1fe: QtGui4 + 0x46c1fe (?edit@QAbstractItemView@@QEAAXAEBVQModelIndex@@@Z + 0x1e)\n\t0x7fff16b5dc4a: prj_pplq + 0x5dc4a (?closeEditor@PPLQ_NODE_TABLE@@MEAAXPEAVQWidget@@W4EndEditHint@QAbstractItemDelegate@@@Z + 0x23a)\n\t 0x5311c420: QtCore4 + 0x11c420 (?activate@QMetaObject@@SAXPEAVQObject@@PEBU1@HPEAPEAX@Z + 0x520)\n\t 0x51e51d0c: QtGui4 + 0x591d0c (?closeEditor@QAbstractItemDelegate@@IEAAXPEAVQWidget@@W4EndEditHint@1@@Z + 0x4c)\n\t 0x51d6e4fd: QtGui4 + 0x4ae4fd (?eventFilter@QItemDelegate@@MEAA_NPEAVQObject@@PEAVQEvent@@@Z + 0x3dd)\n\t 0x5310f802: QtCore4 + 0x10f802 (?sendThroughObjectEventFilters@QCoreApplicationPrivate@@QEAA_NPEAVQObject@@PEAVQEvent@@@Z + 0x82)\n\t 0x518e2e81: QtGui4 + 0x22e81 (?notify_helper@QApplicationPrivate@@QEAA_NPEAVQObject@@PEAVQEvent@@@Z + 0xe1)\n\t 0x518e2b2f: QtGui4 + 0x22b2f (?notify@QApplication@@UEAA_NPEAVQObject@@PEAVQEvent@@@Z + 0x17bf)\n\t 0x5310d92b: QtCore4 + 0x10d92b (?notifyInternal@QCoreApplication@@AEAA_NPEAVQObject@@PEAVQEvent@@@Z + 0x7b)\n\t 0x518e653a: QtGui4 + 0x2653a (?setActiveWindow@QApplication@@SAXPEAVQWidget@@@Z + 0x41a)\n\t 0x51947559: QtGui4 + 0x87559 (?winMouseButtonUp@QApplication@@SAXXZ + 0xc09)\n\t0x7fff72478240: USER32 + 0x18240 (DispatchMessageW + 0x740)\n\t0x7fff72477efb: USER32 + 0x17efb (DispatchMessageW + 0x3fb)\n\t0x7fff7248302c: USER32 + 0x2302c (GetClassLongW + 0x58c)\n\t0x7fff745d3433: ntdll + 0xa3433 (KiUserCallbackDispatcher + 0x23)\n\t0x7fff71a514d3: win32u + 0x14d3 (NtUserPeekMessage + 0x13)\n\t0x7fff72481b4e: USER32 + 0x21b4e (PeekMessageW + 0x1ce)\n\t0x7fff72481a1b: USER32 + 0x21a1b (PeekMessageW + 0x9b)\n\t 0x53132663: QtCore4 + 0x132663 (?processEvents@QEventDispatcherWin32@@UEAA_NV?$QFlags@W4ProcessEventsFlag@QEventLoop@@@@@Z + 0x243)\n\t 0x51940eb4: QtGui4 + 0x80eb4 (?openPopup@QApplicationPrivate@@QEAAXPEAVQWidget@@@Z + 0x204)\n\t 0x5310a88b: QtCore4 + 0x10a88b (?exec@QEventLoop@@QEAAHV?$QFlags@W4ProcessEventsFlag@QEventLoop@@@@@Z + 0x22b)\n\t 0x5310ce6f: QtCore4 + 0x10ce6f (?exec@QCoreApplication@@SAHXZ + 0xdf)\n\t0x7ff74846197b: quartus + 0x197b (?qgq_main@@YAHHPEAPEBD@Z + 0x7b)\n\t0x7fff42ae2d68: CCL_MSG + 0x12d68 (?msg_main_thread@@YAPEAXPEAX@Z + 0x18)\n\t0x7fff42ae454e: CCL_MSG + 0x1454e (?msg_thread_wrapper@@YAPEAXP6APEAXPEAX@Z0@Z + 0x6e)\n\t0x7fff42c45b00: ccl_mem + 0x15b00 (?mem_thread_wrapper@@YAPEAXP6APEAXPEAX@Z0@Z + 0x70)\n\t0x7fff42ae2631: CCL_MSG + 0x12631 (?msg_exe_main@@YAHHPEAPEBDP6AHH0@Z@Z + 0xa1)\n\t0x7ff7484624e7: quartus + 0x24e7 (WinMain + 0x127)\n\t0x7ff748461e58: quartus + 0x1e58 (__tmainCRTStartup + 0x148)\n\t0x7fff7340257c: KERNEL32 + 0x1257c (BaseThreadInitThunk + 0x1c)\n\t0x7fff7458aa77: ntdll + 0x5aa77 (RtlUserThreadStart + 0x27)\n",
		"subsystem" : "unknown"
	},
	"quartus" : {
		"quartus_bits" : "64",
		"version" : "17.0.0",
		"build" : "595",
		"edition" : "Lite Edition"
	}
}