{
	"partitions" : [
		{
			"name" : "Top",
			"pins" : [
				{
					"name" : "tx",
					"strict" : false
				},
				{
					"name" : "piazo",
					"strict" : false
				},
				{
					"name" : "sr_trig",
					"strict" : false
				},
				{
					"name" : "servoout",
					"strict" : false
				},
				{
					"name" : "servoout2",
					"strict" : false
				},
				{
					"name" : "highA[6]",
					"strict" : false
				},
				{
					"name" : "highA[5]",
					"strict" : false
				},
				{
					"name" : "highA[4]",
					"strict" : false
				},
				{
					"name" : "highA[3]",
					"strict" : false
				},
				{
					"name" : "highA[2]",
					"strict" : false
				},
				{
					"name" : "highA[1]",
					"strict" : false
				},
				{
					"name" : "highA[0]",
					"strict" : false
				},
				{
					"name" : "LED1[6]",
					"strict" : false
				},
				{
					"name" : "LED1[5]",
					"strict" : false
				},
				{
					"name" : "LED1[4]",
					"strict" : false
				},
				{
					"name" : "LED1[3]",
					"strict" : false
				},
				{
					"name" : "LED1[2]",
					"strict" : false
				},
				{
					"name" : "LED1[1]",
					"strict" : false
				},
				{
					"name" : "LED1[0]",
					"strict" : false
				},
				{
					"name" : "LED2[6]",
					"strict" : false
				},
				{
					"name" : "LED2[5]",
					"strict" : false
				},
				{
					"name" : "LED2[4]",
					"strict" : false
				},
				{
					"name" : "LED2[3]",
					"strict" : false
				},
				{
					"name" : "LED2[2]",
					"strict" : false
				},
				{
					"name" : "LED2[1]",
					"strict" : false
				},
				{
					"name" : "LED2[0]",
					"strict" : false
				},
				{
					"name" : "leds[7]",
					"strict" : false
				},
				{
					"name" : "leds[6]",
					"strict" : false
				},
				{
					"name" : "leds[5]",
					"strict" : false
				},
				{
					"name" : "leds[4]",
					"strict" : false
				},
				{
					"name" : "leds[3]",
					"strict" : false
				},
				{
					"name" : "leds[2]",
					"strict" : false
				},
				{
					"name" : "leds[1]",
					"strict" : false
				},
				{
					"name" : "leds[0]",
					"strict" : false
				},
				{
					"name" : "lowA[6]",
					"strict" : false
				},
				{
					"name" : "lowA[5]",
					"strict" : false
				},
				{
					"name" : "lowA[4]",
					"strict" : false
				},
				{
					"name" : "lowA[3]",
					"strict" : false
				},
				{
					"name" : "lowA[2]",
					"strict" : false
				},
				{
					"name" : "lowA[1]",
					"strict" : false
				},
				{
					"name" : "lowA[0]",
					"strict" : false
				},
				{
					"name" : "two_motors[3]",
					"strict" : false
				},
				{
					"name" : "two_motors[2]",
					"strict" : false
				},
				{
					"name" : "two_motors[1]",
					"strict" : false
				},
				{
					"name" : "two_motors[0]",
					"strict" : false
				},
				{
					"name" : "rst",
					"strict" : false
				},
				{
					"name" : "clk",
					"strict" : false
				},
				{
					"name" : "RX",
					"strict" : false
				},
				{
					"name" : "right_ech",
					"strict" : false
				}
			]
		}
	]
}