{
	"partitions" : [
		{
			"name" : "Top",
			"pins" : [
				{
					"name" : "sr_trig",
					"strict" : false
				},
				{
					"name" : "Led1[6]",
					"strict" : false
				},
				{
					"name" : "Led1[5]",
					"strict" : false
				},
				{
					"name" : "Led1[4]",
					"strict" : false
				},
				{
					"name" : "Led1[3]",
					"strict" : false
				},
				{
					"name" : "Led1[2]",
					"strict" : false
				},
				{
					"name" : "Led1[1]",
					"strict" : false
				},
				{
					"name" : "Led1[0]",
					"strict" : false
				},
				{
					"name" : "Led2[6]",
					"strict" : false
				},
				{
					"name" : "Led2[5]",
					"strict" : false
				},
				{
					"name" : "Led2[4]",
					"strict" : false
				},
				{
					"name" : "Led2[3]",
					"strict" : false
				},
				{
					"name" : "Led2[2]",
					"strict" : false
				},
				{
					"name" : "Led2[1]",
					"strict" : false
				},
				{
					"name" : "Led2[0]",
					"strict" : false
				},
				{
					"name" : "CLK50MHZ",
					"strict" : false
				},
				{
					"name" : "rightech",
					"strict" : false
				}
			]
		}
	]
}